expname	manuscript	Lane	name	RH_cell	cell	prot	rep	condition	TetO_enrichment	TetO_enrichment_MQ1	TetO	TetO_MQ1	domain
VER10253_TACL_MR_ChIP_eHAP1_C17_STAG2AID_C2_IAA3h_NIPBL_rep1	TRUE	VER10253	C17_STAG2AID_C2_TACL-ON_IAA_NIPBL_rep1	C17_STAG2AID_C2_TMAU2TIR1	C17_STAG2AID_C2	NIPBL	rep1	TACL-ON_IAA	113.8	84.452	0.464	0.464	3.151
VER10253_TACL_MR_ChIP_eHAP1_C17_STAG2AID_C2_IAA3h_SMC1_rep1	TRUE	VER10253	C17_STAG2AID_C2_TACL-ON_IAA_SMC1_rep1	C17_STAG2AID_C2_TMAU2TIR1	C17_STAG2AID_C2	SMC1	rep1	TACL-ON_IAA	34.3	25.758	0.140	0.142	2.531
VER10253_TACL_MR_ChIP_eHAP1_C17_WT_H3K9me3_rep1	FALSE	VER10253	C17_WT_H3K9me3_rep1	C17	C17	H3K9me3	rep1	WT	0.6	0.434	0.002	0.002	2.312
VER10946_TACL_MR_CHIPseq_eHAP1_C17_STAG2AID_C2_TIR1_DMSO_STAG1	TRUE	VER10946	C17_STAG2AID_C2_WT_STAG1_rep1	C17_STAG2AID_C2_TIR1	C17_STAG2AID_C2	STAG1	rep1	WT	1.2	1.028	0.005	0.006	2.209
VER10946_TACL_MR_CHIPseq_eHAP1_C17_STAG2AID_C2_TIR1_IAA_STAG1	TRUE	VER10946	C17_STAG2AID_C2_WT_IAA_STAG1_rep1	C17_STAG2AID_C2_TIR1	C17_STAG2AID_C2	STAG1	rep1	WT_IAA	0.9	0.820	0.004	0.005	2.107
VER10946_TACL_MR_CHIPseq_eHAP1_C17_TMAU2_Dox_CTCF	TRUE	VER10946	C17_TACL-OFF_CTCF_rep1	C17_TMAU2	C17	CTCF	rep1	TACL-OFF	1.9	1.459	0.008	0.008	1.877
VER10946_TACL_MR_CHIPseq_eHAP1_C17_WT_STAG1	TRUE	VER10946	C17_WT_STAG1_rep1	C17	C17	STAG1	rep1	WT	0.9	0.786	0.004	0.004	2.183
VER6242_Coloader_RH_Ehap1_C17_TetR-MAU2_NIPBL_Input	TRUE	VER6242	C17_TACL-ON_Input_rep1	C17_TMAU2	C17	Input	rep1	TACL-ON	1.1	1.030	0.005	0.006	2.400
VER6242_Coloader_RH_Ehap1_C17_TetR-MAU2_NIPBL_IP	FALSE	VER6242	C17_TACL-ON_NIPBL_rep1	C17_TMAU2	C17	NIPBL	rep1	TACL-ON	28.2	28.010	0.115	0.154	2.680
VER6242_Coloader_RH_Ehap1_C17_TetR-MAU2_SMC1_Input	TRUE	VER6242	C17_TACL-ON_Input_rep2	C17_TMAU2	C17	Input	rep2	TACL-ON	1.2	1.137	0.005	0.006	2.404
VER6242_Coloader_RH_Ehap1_C17_TetR-mcherry_NIPBL_Input	TRUE	VER6242	C17_mCherry_Input_rep1	C17_Tmcherry	C17	Input	rep1	mCherry	1.3	1.198	0.005	0.007	2.444
VER6242_Coloader_RH_Ehap1_C17_TetR-mcherry_NIPBL_IP	TRUE	VER6242	C17_mCherry_NIPBL_rep1	C17_Tmcherry	C17	NIPBL	rep1	mCherry	1.9	1.762	0.008	0.010	2.492
VER6242_Coloader_RH_Ehap1_C17_TetR-mcherry_SMC1_Input	TRUE	VER6242	C17_mCherry_Input_rep2	C17_Tmcherry	C17	Input	rep2	mCherry	1.5	1.381	0.006	0.008	2.467
VER6376_TACL_RH_Ehap1_TetO_C17_TetR-hMAU2_FLAG	TRUE	VER6376	C17_TACL-ON_FLAG_rep1	C17_TMAU2	C17	FLAG	rep1	TACL-ON	293.4	300.889	1.198	1.653	3.756
VER6376_TACL_RH_Ehap1_TetO_C17_TetR-hMAU2_Input	TRUE	VER6376	C17_TACL-ON_Input_rep3	C17_TMAU2	C17	Input	rep3	TACL-ON	1.5	1.412	0.006	0.008	2.483
VER6376_TACL_RH_Ehap1_TetO_C17_TetR-mCherry_FLAG	TRUE	VER6376	C17_mCherry_FLAG_rep1	C17_Tmcherry	C17	FLAG	rep1	mCherry	100.2	105.533	0.409	0.580	2.583
VER6376_TACL_RH_Ehap1_TetO_C17_TetR-mCherry_Input	TRUE	VER6376	C17_mCherry_Input_rep3	C17_Tmcherry	C17	Input	rep3	mCherry	1.9	1.777	0.008	0.010	2.498
VER6935_TACL_RH_EHap1_C17_TetR-hMAU2v2_Rad21-AID-GB_IAA2h_NIPBL_spikein	TRUE	VER6935	C17_RAD21AID_SC1_TACL-ON_IAA_NIPBL_rep1	C17_TIR1_TMAU2_RAD21AID_SC1	C17_RAD21AID_SC1	NIPBL	rep1	TACL-ON_IAA	141.5	132.938	0.578	0.730	2.650
VER6935_TACL_RH_EHap1_C17_TetR-hMAU2v2_Rad21-AID-GB_IAA2h_SMC1_spikein	TRUE	VER6935	C17_RAD21AID_SC1_TACL-ON_IAA_SMC1_rep1	C17_TIR1_TMAU2_RAD21AID_SC1	C17_RAD21AID_SC1	SMC1	rep1	TACL-ON_IAA	3.1	3.039	0.013	0.017	2.338
VER6935_TACL_RH_EHap1_C17_TetR-hMAU2v2_Rad21-AID-GB_Input_spikein	TRUE	VER6935	C17_RAD21AID_SC1_TACL-ON_Input_rep1	C17_TIR1_TMAU2_RAD21AID_SC1	C17_RAD21AID_SC1	Input	rep1	TACL-ON	0.9	0.825	0.004	0.005	2.395
VER6935_TACL_RH_EHap1_C17_TetR-hMAU2v2_Rad21-AID-GB_NIPBL_spikein	TRUE	VER6935	C17_RAD21AID_SC1_TACL-ON_NIPBL_rep1	C17_TIR1_TMAU2_RAD21AID_SC1	C17_RAD21AID_SC1	NIPBL	rep1	TACL-ON	58.5	55.381	0.239	0.304	3.609
VER6935_TACL_RH_EHap1_C17_TetR-hMAU2v2_Rad21-AID-GB_SMC1_spikein	TRUE	VER6935	C17_RAD21AID_SC1_TACL-ON_SMC1_rep1	C17_TIR1_TMAU2_RAD21AID_SC1	C17_RAD21AID_SC1	SMC1	rep1	TACL-ON	30.1	28.896	0.123	0.159	3.182
VER7072_TACL_RH_Ehap1_C17_TetR-hMAU2v2_Dox60min_Input	TRUE	VER7072	C17_TACL-OFF_Input_rep1	C17_TMAU2	C17	Input	rep1	TACL-OFF	1.4	1.165	0.006	0.006	2.376
VER7072_TACL_RH_Ehap1_C17_TetR-hMAU2v2_Dox60min_RAD21_spikein	FALSE	VER7072	C17_TACL-OFF_RAD21_rep2	C17_TMAU2	C17	RAD21	rep2	TACL-OFF	2.2	1.753	0.009	0.010	2.370
VER7072_TACL_RH_Ehap1_C17_TetR-hMAU2v2_Input	TRUE	VER7072	C17_TACL-ON_Input_rep4	C17_TMAU2	C17	Input	rep4	TACL-ON	1.7	1.409	0.007	0.008	2.404
VER7072_TACL_RH_Ehap1_C17_TetR-hMAU2v2_MAU2_VER6376	TRUE	VER7072	C17_TACL-ON_MAU2_rep1	C17_TMAU2	C17	MAU2	rep1	TACL-ON	201.4	168.382	0.822	0.925	3.103
VER7072_TACL_RH_Ehap1_C17_TetR-hMAU2v2_RAD21_spikein	FALSE	VER7072	C17_TACL-ON_RAD21_rep2	C17_TMAU2	C17	RAD21	rep2	TACL-ON	9.6	7.791	0.039	0.043	2.514
VER7072_TACL_RH_Ehap1_C17_TetR-hMAU2v2_RAD21_VER6376	TRUE	VER7072	C17_TACL-ON_RAD21_rep1	C17_TMAU2	C17	RAD21	rep1	TACL-ON	43.8	37.031	0.179	0.203	2.923
VER7072_TACL_RH_Ehap1_C17_TetR-mcherry_MAU2_VER6376	TRUE	VER7072	C17_mCherry_MAU2_rep1	C17_Tmcherry	C17	MAU2	rep1	mCherry	2.6	2.250	0.011	0.012	2.566
VER7072_TACL_RH_Ehap1_C17_TetR-mcherry_RAD21_VER6376	TRUE	VER7072	C17_mCherry_RAD21_rep1	C17_Tmcherry	C17	RAD21	rep1	mCherry	3.5	2.924	0.014	0.016	2.487
VER7254_TACL_RH_Ehap1_C17_T-hMAU2v2_Dox1h_FLAG	TRUE	VER7254	C17_TACL-OFF_FLAG_rep2	C17_TMAU2	C17	FLAG	rep2	TACL-OFF	2.7	4.713	0.011	0.026	2.428
VER7254_TACL_RH_Ehap1_C17_T-hMAU2v2_Dox1h_Input	TRUE	VER7254	C17_TACL-OFF_Input_rep2	C17_TMAU2	C17	Input	rep2	TACL-OFF	0.9	1.200	0.004	0.007	2.385
VER7254_TACL_RH_Ehap1_C17_T-hMAU2v2_FLAG	TRUE	VER7254	C17_TACL-ON_FLAG_rep2	C17_TMAU2	C17	FLAG	rep2	TACL-ON	123.9	199.404	0.506	1.095	2.813
VER7254_TACL_RH_Ehap1_C17_T-hMAU2v2_Input	TRUE	VER7254	C17_TACL-ON_Input_rep5	C17_TMAU2	C17	Input	rep5	TACL-ON	0.8	1.242	0.003	0.007	2.381
VER7436_TACL_RH_Ehap1_C17_RAD21-AID_T-mcherry_IAA2h_Input_spikein	TRUE	VER7436	C17_RAD21AID_SC6_mCherry_IAA_Input_rep1	C17_TIR1_Tmcherry_RAD21AID_SC6	C17_RAD21AID_SC6	Input	rep1	mCherry_IAA	0.6	0.987	0.002	0.005	2.410
VER7436_TACL_RH_Ehap1_C17_RAD21-AID_T-mcherry_IAA2h_NIPBL_spikein	TRUE	VER7436	C17_RAD21AID_SC6_mCherry_IAA_NIPBL_rep1	C17_TIR1_Tmcherry_RAD21AID_SC6	C17_RAD21AID_SC6	NIPBL	rep1	mCherry_IAA	0.8	1.283	0.003	0.007	2.320
VER7436_TACL_RH_Ehap1_C17_RAD21-AID_T-mcherry_IAA2h_SMC1_spikein	TRUE	VER7436	C17_RAD21AID_SC6_mCherry_IAA_SMC1_rep1	C17_TIR1_Tmcherry_RAD21AID_SC6	C17_RAD21AID_SC6	SMC1	rep1	mCherry_IAA	0.9	1.404	0.004	0.008	2.341
VER7436_TACL_RH_Ehap1_C17_RAD21-AID_T-mcherry_Input_spikein	TRUE	VER7436	C17_RAD21AID_SC6_mCherry_Input_rep1	C17_TIR1_Tmcherry_RAD21AID_SC6	C17_RAD21AID_SC6	Input	rep1	mCherry	0.7	1.234	0.003	0.007	2.409
VER7436_TACL_RH_Ehap1_C17_RAD21-AID_T-mcherry_NIPBL_spikein	TRUE	VER7436	C17_RAD21AID_SC6_mCherry_NIPBL_rep1	C17_TIR1_Tmcherry_RAD21AID_SC6	C17_RAD21AID_SC6	NIPBL	rep1	mCherry	0.8	1.243	0.003	0.007	2.360
VER7436_TACL_RH_Ehap1_C17_RAD21-AID_T-mcherry_SMC1_spikein	TRUE	VER7436	C17_RAD21AID_SC6_mCherry_SMC1_rep1	C17_TIR1_Tmcherry_RAD21AID_SC6	C17_RAD21AID_SC6	SMC1	rep1	mCherry	1.0	1.693	0.004	0.009	2.377
VER7436_TACL_RH_Ehap1_C17_T-hMAU2v2_Dox1h_MAU2_spikein	TRUE	VER7436	C17_TACL-OFF_MAU2_rep2	C17_TMAU2	C17	MAU2	rep2	TACL-OFF	1.6	2.578	0.006	0.014	2.352
VER7436_TACL_RH_Ehap1_C17_T-hMAU2v2_Dox1h_NIPBL_spikein	TRUE	VER7436	C17_TACL-OFF_NIPBL_rep2	C17_TMAU2	C17	NIPBL	rep2	TACL-OFF	1.0	1.674	0.004	0.009	2.514
VER7436_TACL_RH_Ehap1_C17_T-hMAU2v2_Dox1h_SMC1_spikein	TRUE	VER7436	C17_TACL-OFF_SMC1_rep2	C17_TMAU2	C17	SMC1	rep2	TACL-OFF	1.3	2.061	0.005	0.011	2.462
VER7436_TACL_RH_Ehap1_C17_T-hMAU2v2_Input_forMAU2_spikein	TRUE	VER7436	C17_TACL-ON_Input_rep6	C17_TMAU2	C17	Input	rep6	TACL-ON	0.8	1.398	0.003	0.008	2.421
VER7436_TACL_RH_Ehap1_C17_T-hMAU2v2_MAU2_forMAU2_spikein	TRUE	VER7436	C17_TACL-ON_MAU2_rep2	C17_TMAU2	C17	MAU2	rep2	TACL-ON	29.4	41.670	0.120	0.229	2.319
VER7436_TACL_RH_Ehap1_C17_T-hMAU2v2_NIPBL_spikein	TRUE	VER7436	C17_TACL-ON_NIPBL_rep2	C17_TMAU2	C17	NIPBL	rep2	TACL-ON	41.5	66.671	0.169	0.366	3.528
VER7436_TACL_RH_Ehap1_C17_T-hMAU2v2_SMC1_spikein	TRUE	VER7436	C17_TACL-ON_SMC1_rep2	C17_TMAU2	C17	SMC1	rep2	TACL-ON	14.0	22.464	0.057	0.123	2.885
VER7436_TACL_RH_Ehap1_C17_T-mcherry_Input_spikein	TRUE	VER7436	C17_mCherry_Input_rep4	C17_Tmcherry	C17	Input	rep4	mCherry	1.3	2.318	0.005	0.013	2.451
VER7436_TACL_RH_Ehap1_C17_T-mcherry_MAU2_spikein	TRUE	VER7436	C17_mCherry_MAU2_rep2	C17_Tmcherry	C17	MAU2	rep2	mCherry	1.0	1.577	0.004	0.009	2.286
VER7436_TACL_RH_Ehap1_C17_T-mcherry_NIPBL_spikein	TRUE	VER7436	C17_mCherry_NIPBL_rep2	C17_Tmcherry	C17	NIPBL	rep2	mCherry	1.0	1.600	0.004	0.009	2.479
VER7436_TACL_RH_Ehap1_C17_T-mcherry_SMC1_spikein	TRUE	VER7436	C17_mCherry_SMC1_rep2	C17_Tmcherry	C17	SMC1	rep2	mCherry	1.1	1.706	0.005	0.009	2.508
VER7713_TACL_RH_Ehap1_C17_TetR-hMAU2v2_Dox_60min_RAD21	TRUE	VER7713	C17_TACL-OFF_RAD21_rep3	C17_TMAU2	C17	RAD21	rep3	TACL-OFF	1.9	2.555	0.008	0.014	2.506
VER7713_TACL_RH_Ehap1_C17_TetR-hMAU2v2_Dox_60min_SMC1	TRUE	VER7713	C17_TACL-OFF_SMC1_rep3	C17_TMAU2	C17	SMC1	rep3	TACL-OFF	2.0	2.970	0.008	0.016	2.583
VER7713_TACL_RH_Ehap1_C17_TetR-hMAU2v2_RAD21	TRUE	VER7713	C17_TACL-ON_RAD21_rep3	C17_TMAU2	C17	RAD21	rep3	TACL-ON	15.7	24.639	0.064	0.135	2.867
VER7713_TACL_RH_Ehap1_C17_TetR-hMAU2v2_RAD21-AID_IAA_2h_SC1_MAU2	TRUE	VER7713	C17_RAD21AID_SC1_TACL-ON_IAA_MAU2_rep1	C17_TIR1_TMAU2_RAD21AID_SC1	C17_RAD21AID_SC1	MAU2	rep1	TACL-ON_IAA	171.2	226.339	0.699	1.243	2.417
VER7713_TACL_RH_Ehap1_C17_TetR-hMAU2v2_RAD21-AID_IAA_2h_SC1_RAD21	TRUE	VER7713	C17_RAD21AID_SC1_TACL-ON_IAA_RAD21_rep1	C17_TIR1_TMAU2_RAD21AID_SC1	C17_RAD21AID_SC1	RAD21	rep1	TACL-ON_IAA	2.8	4.706	0.011	0.026	2.338
VER7713_TACL_RH_Ehap1_C17_TetR-hMAU2v2_RAD21-AID_SC1_MAU2	TRUE	VER7713	C17_RAD21AID_SC1_TACL-ON_MAU2_rep1	C17_TIR1_TMAU2_RAD21AID_SC1	C17_RAD21AID_SC1	MAU2	rep1	TACL-ON	123.6	168.180	0.504	0.924	2.968
VER7713_TACL_RH_Ehap1_C17_TetR-hMAU2v2_RAD21-AID_SC1_RAD21	TRUE	VER7713	C17_RAD21AID_SC1_TACL-ON_RAD21_rep1	C17_TIR1_TMAU2_RAD21AID_SC1	C17_RAD21AID_SC1	RAD21	rep1	TACL-ON	19.9	31.702	0.081	0.174	2.985
VER7713_TACL_RH_Ehap1_C17_TetR-hMAU2v2_SMC1	TRUE	VER7713	C17_TACL-ON_SMC1_rep3	C17_TMAU2	C17	SMC1	rep3	TACL-ON	29.6	46.687	0.121	0.256	3.336
VER7713_TACL_RH_Ehap1_C17_TetR-hMAU2v2_TetR-V5-Apex2_Dox_1h_FLAG	TRUE	VER7713	C17_TetR-V5-Apex2_TACL-OFF_FLAG_rep1	C17_TMAU2_T_V5_Apex2	C17_TetR-V5-Apex2	FLAG	rep1	TACL-OFF	2.7	4.780	0.011	0.026	2.425
VER7713_TACL_RH_Ehap1_C17_TetR-hMAU2v2_TetR-V5-Apex2_Dox_1h_V5	TRUE	VER7713	C17_TetR-V5-Apex2_TACL-OFF_V5_rep1	C17_TMAU2_T_V5_Apex2	C17_TetR-V5-Apex2	V5	rep1	TACL-OFF	3.5	6.169	0.014	0.034	2.382
VER7713_TACL_RH_Ehap1_C17_TetR-hMAU2v2_TetR-V5-Apex2_FLAG	TRUE	VER7713	C17_TetR-V5-Apex2_TACL-ON_FLAG_rep1	C17_TMAU2_T_V5_Apex2	C17_TetR-V5-Apex2	FLAG	rep1	TACL-ON	95.3	153.433	0.389	0.843	2.885
VER7713_TACL_RH_Ehap1_C17_TetR-hMAU2v2_TetR-V5-Apex2_V5	TRUE	VER7713	C17_TetR-V5-Apex2_TACL-ON_V5_rep1	C17_TMAU2_T_V5_Apex2	C17_TetR-V5-Apex2	V5	rep1	TACL-ON	49.4	79.675	0.202	0.438	2.575
VER7713_TACL_RH_Ehap1_C17_TetR-mcherry_RAD21	TRUE	VER7713	C17_mCherry_RAD21_rep3	C17_Tmcherry	C17	RAD21	rep3	mCherry	1.2	1.471	0.005	0.008	2.418
VER7713_TACL_RH_Ehap1_C17_TetR-mcherry_RAD21-AID_IAA_2h_SC6_RAD21	TRUE	VER7713	C17_RAD21AID_SC6_mCherry_IAA_RAD21_rep1	C17_TIR1_Tmcherry_RAD21AID_SC6	C17_RAD21AID_SC6	RAD21	rep1	mCherry_IAA	0.8	1.198	0.003	0.007	2.387
VER7713_TACL_RH_Ehap1_C17_TetR-mcherry_RAD21-AID_SC6_RAD21	TRUE	VER7713	C17_RAD21AID_SC6_mCherry_RAD21_rep1	C17_TIR1_Tmcherry_RAD21AID_SC6	C17_RAD21AID_SC6	RAD21	rep1	mCherry	0.8	1.166	0.003	0.006	2.417
VER7713_TACL_RH_Ehap1_C17_TetR-mcherry_SMC1	TRUE	VER7713	C17_mCherry_SMC1_rep3	C17_Tmcherry	C17	SMC1	rep3	mCherry	1.1	1.481	0.004	0.008	2.475
VER7726_TACL_RH_Ehap1_C17_TetR-hMAU2v2_Dox_60min_Input	TRUE	VER7726	C17_TACL-OFF_Input_rep3	C17_TMAU2	C17	Input	rep3	TACL-OFF	0.8	0.750	0.003	0.004	2.429
VER7726_TACL_RH_Ehap1_C17_TetR-hMAU2v2_Input	TRUE	VER7726	C17_TACL-ON_Input_rep7	C17_TMAU2	C17	Input	rep7	TACL-ON	0.7	0.685	0.003	0.004	2.422
VER7726_TACL_RH_Ehap1_C17_TetR-hMAU2v2_RAD21-AID_IAA_2h_SC1_Input	TRUE	VER7726	C17_RAD21AID_SC1_TACL-ON_IAA_Input_rep1	C17_TIR1_TMAU2_RAD21AID_SC1	C17_RAD21AID_SC1	Input	rep1	TACL-ON_IAA	0.8	0.765	0.003	0.004	2.376
VER7726_TACL_RH_Ehap1_C17_TetR-hMAU2v2_RAD21-AID_SC1_Input	TRUE	VER7726	C17_RAD21AID_SC1_TACL-ON_Input_rep2	C17_TIR1_TMAU2_RAD21AID_SC1	C17_RAD21AID_SC1	Input	rep2	TACL-ON	1.0	0.934	0.004	0.005	2.368
VER7726_TACL_RH_Ehap1_C17_TetR-hMAU2v2_TetR-V5-Apex2_Dox_1h_Input	TRUE	VER7726	C17_TetR-V5-Apex2_TACL-OFF_Input_rep1	C17_TMAU2_T_V5_Apex2	C17_TetR-V5-Apex2	Input	rep1	TACL-OFF	0.8	0.805	0.003	0.004	2.373
VER7726_TACL_RH_Ehap1_C17_TetR-hMAU2v2_TetR-V5-Apex2_Input	TRUE	VER7726	C17_TetR-V5-Apex2_TACL-ON_Input_rep1	C17_TMAU2_T_V5_Apex2	C17_TetR-V5-Apex2	Input	rep1	TACL-ON	1.0	0.913	0.004	0.005	2.394
VER7726_TACL_RH_Ehap1_C17_TetR-mcherry_Input	TRUE	VER7726	C17_mCherry_Input_rep5	C17_Tmcherry	C17	Input	rep5	mCherry	0.7	0.655	0.003	0.004	2.427
VER7726_TACL_RH_Ehap1_C17_TetR-mcherry_RAD21-AID_IAA_2h_SC6_Input	TRUE	VER7726	C17_RAD21AID_SC6_mCherry_IAA_Input_rep2	C17_TIR1_Tmcherry_RAD21AID_SC6	C17_RAD21AID_SC6	Input	rep2	mCherry_IAA	0.8	0.802	0.003	0.004	2.439
VER7726_TACL_RH_Ehap1_C17_TetR-mcherry_RAD21-AID_SC6_Input	TRUE	VER7726	C17_RAD21AID_SC6_mCherry_Input_rep2	C17_TIR1_Tmcherry_RAD21AID_SC6	C17_RAD21AID_SC6	Input	rep2	mCherry	0.8	0.753	0.003	0.004	2.429
VER8007_TACL_RH_Ehap1_C17_TetR_hMAU2v2_DRB3h_FLAG	FALSE	VER8007	C17_TACL-ON_DRB_FLAG_rep1	C17_TMAU2	C17	FLAG	rep1	TACL-ON_DRB	24.0	23.930	0.098	0.131	2.301
VER8007_TACL_RH_Ehap1_C17_TetR_hMAU2v2_DRB3h_Input	FALSE	VER8007	C17_TACL-ON_DRB_Input_rep1	C17_TMAU2	C17	Input	rep1	TACL-ON_DRB	0.5	0.498	0.002	0.003	2.325
VER8007_TACL_RH_Ehap1_C17_TetR_hMAU2v2_DRB3h_NIPBL	FALSE	VER8007	C17_TACL-ON_DRB_NIPBL_rep1	C17_TMAU2	C17	NIPBL	rep1	TACL-ON_DRB	11.8	11.172	0.048	0.061	2.655
VER8007_TACL_RH_Ehap1_C17_TetR_hMAU2v2_DRB3h_SMC1	FALSE	VER8007	C17_TACL-ON_DRB_SMC1_rep1	C17_TMAU2	C17	SMC1	rep1	TACL-ON_DRB	8.8	8.372	0.036	0.046	2.578
VER8007_TACL_RH_Ehap1_C17_TetR_hMAU2v2_FLAG	FALSE	VER8007	C17_TACL-ON_FLAG_rep3	C17_TMAU2	C17	FLAG	rep3	TACL-ON	34.0	33.899	0.139	0.186	2.368
VER8007_TACL_RH_Ehap1_C17_TetR_hMAU2v2_For_SA1_2_Input	FALSE	VER8007	C17_TACL-ON_Input_rep8	C17_TMAU2	C17	Input	rep8	TACL-ON	0.6	0.546	0.003	0.003	2.356
VER8007_TACL_RH_Ehap1_C17_TetR_hMAU2v2_For_SA1_2_STAG1	FALSE	VER8007	C17_TACL-ON_STAG1_rep2	C17_TMAU2	C17	STAG1	rep2	TACL-ON	1.5	1.410	0.006	0.008	2.283
VER8007_TACL_RH_Ehap1_C17_TetR_hMAU2v2_For_SA1_2_STAG2	FALSE	VER8007	C17_TACL-ON_STAG2_rep2	C17_TMAU2	C17	STAG2	rep2	TACL-ON	7.0	6.254	0.028	0.034	2.477
VER8007_TACL_RH_Ehap1_C17_TetR_hMAU2v2_Input	FALSE	VER8007	C17_TACL-ON_Input_rep9	C17_TMAU2	C17	Input	rep9	TACL-ON	0.6	0.558	0.002	0.003	2.371
VER8007_TACL_RH_Ehap1_C17_TetR_hMAU2v2_NIPBL	FALSE	VER8007	C17_TACL-ON_NIPBL_rep3	C17_TMAU2	C17	NIPBL	rep3	TACL-ON	27.3	25.274	0.111	0.139	2.988
VER8007_TACL_RH_Ehap1_C17_TetR_hMAU2v2_RAD21AID_SC1_FLAG	TRUE	VER8007	C17_RAD21AID_SC1_TACL-ON_FLAG_rep1	C17_TIR1_TMAU2_RAD21AID_SC1	C17_RAD21AID_SC1	FLAG	rep1	TACL-ON	107.4	106.702	0.438	0.586	2.504
VER8007_TACL_RH_Ehap1_C17_TetR_hMAU2v2_RAD21AID_SC1_IAA2h_FLAG	TRUE	VER8007	C17_RAD21AID_SC1_TACL-ON_IAA_FLAG_rep1	C17_TIR1_TMAU2_RAD21AID_SC1	C17_RAD21AID_SC1	FLAG	rep1	TACL-ON_IAA	138.9	138.103	0.567	0.759	2.296
VER8007_TACL_RH_Ehap1_C17_TetR_hMAU2v2_RAD21AID_SC1_IAA2h_Input	TRUE	VER8007	C17_RAD21AID_SC1_TACL-ON_IAA_Input_rep2	C17_TIR1_TMAU2_RAD21AID_SC1	C17_RAD21AID_SC1	Input	rep2	TACL-ON_IAA	0.9	0.846	0.004	0.005	2.368
VER8007_TACL_RH_Ehap1_C17_TetR_hMAU2v2_RAD21AID_SC1_IAA2h_SMC1	TRUE	VER8007	C17_RAD21AID_SC1_TACL-ON_IAA_SMC1_rep2	C17_TIR1_TMAU2_RAD21AID_SC1	C17_RAD21AID_SC1	SMC1	rep2	TACL-ON_IAA	2.7	2.480	0.011	0.014	2.262
VER8007_TACL_RH_Ehap1_C17_TetR_hMAU2v2_RAD21AID_SC1_IAA2h_SMC3	TRUE	VER8007	C17_RAD21AID_SC1_TACL-ON_IAA_SMC3_rep1	C17_TIR1_TMAU2_RAD21AID_SC1	C17_RAD21AID_SC1	SMC3	rep1	TACL-ON_IAA	3.2	3.022	0.013	0.017	2.265
VER8007_TACL_RH_Ehap1_C17_TetR_hMAU2v2_RAD21AID_SC1_Input	TRUE	VER8007	C17_RAD21AID_SC1_TACL-ON_Input_rep3	C17_TIR1_TMAU2_RAD21AID_SC1	C17_RAD21AID_SC1	Input	rep3	TACL-ON	0.7	0.617	0.003	0.003	2.367
VER8007_TACL_RH_Ehap1_C17_TetR_hMAU2v2_RAD21AID_SC1_SMC1	TRUE	VER8007	C17_RAD21AID_SC1_TACL-ON_SMC1_rep2	C17_TIR1_TMAU2_RAD21AID_SC1	C17_RAD21AID_SC1	SMC1	rep2	TACL-ON	26.8	25.625	0.109	0.141	3.042
VER8007_TACL_RH_Ehap1_C17_TetR_hMAU2v2_RAD21AID_SC1_SMC3	TRUE	VER8007	C17_RAD21AID_SC1_TACL-ON_SMC3_rep1	C17_TIR1_TMAU2_RAD21AID_SC1	C17_RAD21AID_SC1	SMC3	rep1	TACL-ON	31.5	29.764	0.129	0.164	3.231
VER8007_TACL_RH_Ehap1_C17_TetR_hMAU2v2_SMC1	FALSE	VER8007	C17_TACL-ON_SMC1_rep4	C17_TMAU2	C17	SMC1	rep4	TACL-ON	13.6	13.044	0.056	0.072	2.778
VER8007_TACL_RH_Ehap1_C17_TetR_mcherry_DRB3h_Input	FALSE	VER8007	C17_mCherry_DRB_Input_rep1	C17_Tmcherry	C17	Input	rep1	mCherry_DRB	0.6	0.593	0.003	0.003	2.415
VER8007_TACL_RH_Ehap1_C17_TetR_mcherry_DRB3h_NIPBL	FALSE	VER8007	C17_mCherry_DRB_NIPBL_rep1	C17_Tmcherry	C17	NIPBL	rep1	mCherry_DRB	0.7	0.635	0.003	0.003	2.419
VER8007_TACL_RH_Ehap1_C17_TetR_mcherry_DRB3h_SMC1	FALSE	VER8007	C17_mCherry_DRB_SMC1_rep1	C17_Tmcherry	C17	SMC1	rep1	mCherry_DRB	0.9	0.769	0.004	0.004	2.413
VER8007_TACL_RH_Ehap1_C17_TetR_mcherry_For_SA1_2_Input	TRUE	VER8007	C17_mCherry_Input_rep6	C17_Tmcherry	C17	Input	rep6	mCherry	0.8	0.736	0.003	0.004	2.399
VER8007_TACL_RH_Ehap1_C17_TetR_mcherry_For_SA1_2_STAG1	FALSE	VER8007	C17_mCherry_STAG1_rep2	C17_Tmcherry	C17	STAG1	rep2	mCherry	0.6	0.509	0.003	0.003	2.293
VER8007_TACL_RH_Ehap1_C17_TetR_mcherry_For_SA1_2_STAG2	FALSE	VER8007	C17_mCherry_STAG2_rep2	C17_Tmcherry	C17	STAG2	rep2	mCherry	0.9	0.764	0.004	0.004	2.342
VER8007_TACL_RH_Ehap1_C17_TetR_mcherry_Input	FALSE	VER8007	C17_mCherry_Input_rep7	C17_Tmcherry	C17	Input	rep7	mCherry	0.6	0.612	0.002	0.003	2.387
VER8007_TACL_RH_Ehap1_C17_TetR_mcherry_NIPBL	FALSE	VER8007	C17_mCherry_NIPBL_rep3	C17_Tmcherry	C17	NIPBL	rep3	mCherry	0.6	0.585	0.003	0.003	2.361
VER8007_TACL_RH_Ehap1_C17_TetR_mcherry_RAD21AID_SC6_Input	TRUE	VER8007	C17_RAD21AID_SC6_mCherry_Input_rep3	C17_TIR1_Tmcherry_RAD21AID_SC6	C17_RAD21AID_SC6	Input	rep3	mCherry	0.7	0.716	0.003	0.004	2.381
VER8007_TACL_RH_Ehap1_C17_TetR_mcherry_RAD21AID_SC6_SMC1	TRUE	VER8007	C17_RAD21AID_SC6_mCherry_SMC1_rep2	C17_TIR1_Tmcherry_RAD21AID_SC6	C17_RAD21AID_SC6	SMC1	rep2	mCherry	1.0	0.808	0.004	0.004	2.399
VER8007_TACL_RH_Ehap1_C17_TetR_mcherry_RAD21AID_SC6_SMC3	TRUE	VER8007	C17_RAD21AID_SC6_mCherry_SMC3_rep1	C17_TIR1_Tmcherry_RAD21AID_SC6	C17_RAD21AID_SC6	SMC3	rep1	mCherry	1.1	0.874	0.004	0.005	2.421
VER8007_TACL_RH_Ehap1_C17_TetR_mcherry_SMC1	FALSE	VER8007	C17_mCherry_SMC1_rep4	C17_Tmcherry	C17	SMC1	rep4	mCherry	0.8	0.684	0.003	0.004	2.394
VER8466_TACL_RH_ChIPseq_Ehap1_C17_T_MAU2_V5_MAU2_Input	TRUE	VER8466	C17_V5-MAU2_TACL-ON_Input_rep1	C17_TMAU2_V5_MAU2	C17_V5-MAU2	Input	rep1	TACL-ON	0.5	0.815	0.002	0.004	2.426
VER8466_TACL_RH_ChIPseq_Ehap1_C17_T_MAU2_V5_MAU2_NIPBL	TRUE	VER8466	C17_V5-MAU2_TACL-ON_NIPBL_rep1	C17_TMAU2_V5_MAU2	C17_V5-MAU2	NIPBL	rep1	TACL-ON	24.9	39.456	0.102	0.217	3.257
VER8466_TACL_RH_ChIPseq_Ehap1_C17_T_MAU2_V5_MAU2_V5	TRUE	VER8466	C17_V5-MAU2_TACL-ON_V5_rep1	C17_TMAU2_V5_MAU2	C17_V5-MAU2	V5	rep1	TACL-ON	0.8	1.316	0.003	0.007	2.405
VER8466_TACL_RH_ChIPseq_Ehap1_C17_T_mcherry_MAU2_AID_GFP	FALSE	VER8466	C17_MAU2AID_mCherry_GFP_rep1	C17_T_mcherry_MAU2_AID	C17_MAU2AID	GFP	rep1	mCherry	0.2	0.355	0.001	0.002	2.311
VER8466_TACL_RH_ChIPseq_Ehap1_C17_T_mcherry_MAU2_AID_Input	FALSE	VER8466	C17_MAU2AID_mCherry_Input_rep1	C17_T_mcherry_MAU2_AID	C17_MAU2AID	Input	rep1	mCherry	0.4	0.641	0.002	0.004	2.372
VER8466_TACL_RH_ChIPseq_Ehap1_C17_T_mcherry_V5_MAU2_Input	TRUE	VER8466	C17_V5-MAU2_mCherry_Input_rep1	C17_Tmcherry_V5_MAU2	C17_V5-MAU2	Input	rep1	mCherry	0.6	0.923	0.003	0.005	2.426
VER8466_TACL_RH_ChIPseq_Ehap1_C17_T_mcherry_V5_MAU2_NIPBL	TRUE	VER8466	C17_V5-MAU2_mCherry_NIPBL_rep1	C17_Tmcherry_V5_MAU2	C17_V5-MAU2	NIPBL	rep1	mCherry	0.8	1.163	0.003	0.006	2.450
VER8466_TACL_RH_ChIPseq_Ehap1_C17_T_mcherry_V5_MAU2_V5	TRUE	VER8466	C17_V5-MAU2_mCherry_V5_rep1	C17_Tmcherry_V5_MAU2	C17_V5-MAU2	V5	rep1	mCherry	0.5	0.842	0.002	0.005	2.402
VER8786_TACL_RH_ChIPseq_eHAP1_C17_T_MAU2_CTCF	FALSE	VER8786	C17_TACL-ON_CTCF_rep2	C17_TMAU2	C17	CTCF	rep2	TACL-ON	1.4	1.239	0.006	0.007	2.350
VER8786_TACL_RH_ChIPseq_eHAP1_C17_T_MAU2_dCas9KRAB_Ctrl_FLAG_R1	FALSE	VER8786	C17_TACL-ON_CRISPRi_FLAG_rep1	C17_TMAU2_dCas9KRAB	C17	FLAG	rep1	TACL-ON_CRISPRi	35.7	28.629	0.146	0.157	2.363
VER8786_TACL_RH_ChIPseq_eHAP1_C17_T_MAU2_dCas9KRAB_Ctrl_FLAG_R2	FALSE	VER8786	C17_TACL-ON_CRISPRi_FLAG_rep2	C17_TMAU2_dCas9KRAB	C17	FLAG	rep2	TACL-ON_CRISPRi	86.9	69.384	0.355	0.381	2.500
VER8786_TACL_RH_ChIPseq_eHAP1_C17_T_MAU2_dCas9KRAB_Ctrl_input	TRUE	VER8786	C17_TACL-ON_CRISPRi-Ctrl_Input_rep1	C17_TMAU2_dCas9KRAB	C17	Input	rep1	TACL-ON_CRISPRi-Ctrl	0.8	0.651	0.003	0.004	2.405
VER8786_TACL_RH_ChIPseq_eHAP1_C17_T_MAU2_dCas9KRAB_Ctrl_SMC1_R1	FALSE	VER8786	C17_TACL-ON_CRISPRi_SMC1_rep1	C17_TMAU2_dCas9KRAB	C17	SMC1	rep1	TACL-ON_CRISPRi	8.2	6.691	0.033	0.037	2.554
VER8786_TACL_RH_ChIPseq_eHAP1_C17_T_MAU2_dCas9KRAB_sgWAPL_2_FLAG_R1	FALSE	VER8786	C17_TACL-ON_CRISPRi-WAPL_FLAG_rep1	C17_TMAU2_dCas9KRAB	C17	FLAG	rep1	TACL-ON_CRISPRi-WAPL	130.4	105.849	0.532	0.581	2.626
VER8786_TACL_RH_ChIPseq_eHAP1_C17_T_MAU2_dCas9KRAB_sgWAPL_2_FLAG_R2	FALSE	VER8786	C17_TACL-ON_CRISPRi-WAPL_FLAG_rep2	C17_TMAU2_dCas9KRAB	C17	FLAG	rep2	TACL-ON_CRISPRi-WAPL	41.6	32.959	0.170	0.181	2.408
VER8786_TACL_RH_ChIPseq_eHAP1_C17_T_MAU2_dCas9KRAB_sgWAPL_2_input	TRUE	VER8786	C17_TACL-ON_CRISPRi-WAPL_Input_rep1	C17_TMAU2_dCas9KRAB	C17	Input	rep1	TACL-ON_CRISPRi-WAPL	0.8	0.617	0.003	0.003	2.411
VER8786_TACL_RH_ChIPseq_eHAP1_C17_T_MAU2_dCas9KRAB_sgWAPL_2_SMC1_R1	FALSE	VER8786	C17_TACL-ON_CRISPRi-WAPL_SMC1_rep1	C17_TMAU2_dCas9KRAB	C17	SMC1	rep1	TACL-ON_CRISPRi-WAPL	12.1	9.795	0.049	0.054	2.640
VER8786_TACL_RH_ChIPseq_eHAP1_C17_T_MAU2_Dox1h_STAG1	TRUE	VER8786	C17_TACL-OFF_STAG1_rep1	C17_TMAU2	C17	STAG1	rep1	TACL-OFF	3.7	3.010	0.015	0.017	2.371
VER8786_TACL_RH_ChIPseq_eHAP1_C17_T_MAU2_Dox1h_STAG2	TRUE	VER8786	C17_TACL-OFF_STAG2_rep1	C17_TMAU2	C17	STAG2	rep1	TACL-OFF	2.4	2.015	0.010	0.011	2.490
VER8786_TACL_RH_ChIPseq_eHAP1_C17_T_MAU2_PDS5A	FALSE	VER8786	C17_TACL-ON_PDS5A_rep2	C17_TMAU2	C17	PDS5A	rep2	TACL-ON	1.5	1.280	0.006	0.007	2.313
VER8786_TACL_RH_ChIPseq_eHAP1_C17_T_MAU2_RAD21AID_SC1_H3k27ac	TRUE	VER8786	C17_RAD21AID_SC1_TACL-ON_H3K27ac_rep1	C17_TIR1_TMAU2_RAD21AID_SC1	C17_RAD21AID_SC1	H3K27ac	rep1	TACL-ON	6.2	5.111	0.025	0.028	2.003
VER8786_TACL_RH_ChIPseq_eHAP1_C17_T_MAU2_RAD21AID_SC1_IAA2h_H3k27ac	TRUE	VER8786	C17_RAD21AID_SC1_TACL-ON_IAA_H3K27ac_rep1	C17_TIR1_TMAU2_RAD21AID_SC1	C17_RAD21AID_SC1	H3K27ac	rep1	TACL-ON_IAA	2.6	2.190	0.011	0.012	2.032
VER8786_TACL_RH_ChIPseq_eHAP1_C17_T_MAU2_STAG1	TRUE	VER8786	C17_TACL-ON_STAG1_rep1	C17_TMAU2	C17	STAG1	rep1	TACL-ON	6.4	4.985	0.026	0.027	2.339
VER8786_TACL_RH_ChIPseq_eHAP1_C17_T_MAU2_STAG2	TRUE	VER8786	C17_TACL-ON_STAG2_rep1	C17_TMAU2	C17	STAG2	rep1	TACL-ON	32.7	26.621	0.133	0.146	3.006
VER8786_TACL_RH_ChIPseq_eHAP1_C17_T_MAU2_WAPL	TRUE	VER8786	C17_TACL-ON_WAPL_rep1	C17_TMAU2	C17	WAPL	rep1	TACL-ON	2.4	2.100	0.010	0.012	2.439
VER8786_TACL_RH_ChIPseq_eHAP1_C17_T_mcherry_CTCF	FALSE	VER8786	C17_mCherry_CTCF_rep2	C17_Tmcherry	C17	CTCF	rep2	mCherry	1.0	0.864	0.004	0.005	2.396
VER8786_TACL_RH_ChIPseq_eHAP1_C17_T_mcherry_PDS5A	FALSE	VER8786	C17_mCherry_PDS5A_rep2	C17_Tmcherry	C17	PDS5A	rep2	mCherry	0.8	0.618	0.003	0.003	2.316
VER8786_TACL_RH_ChIPseq_eHAP1_C17_T_mcherry_RAD21AID_SC6_H3k27ac	TRUE	VER8786	C17_RAD21AID_SC6_mCherry_H3K27ac_rep1	C17_TIR1_Tmcherry_RAD21AID_SC6	C17_RAD21AID_SC6	H3K27ac	rep1	mCherry	1.7	1.424	0.007	0.008	2.252
VER8786_TACL_RH_ChIPseq_eHAP1_C17_T_mcherry_RAD21AID_SC6_IAA2h_H3k27ac	TRUE	VER8786	C17_RAD21AID_SC6_mCherry_IAA_H3K27ac_rep1	C17_TIR1_Tmcherry_RAD21AID_SC6	C17_RAD21AID_SC6	H3K27ac	rep1	mCherry_IAA	1.5	1.214	0.006	0.007	2.161
VER8786_TACL_RH_ChIPseq_eHAP1_C17_T_mcherry_STAG1	TRUE	VER8786	C17_mCherry_STAG1_rep1	C17_Tmcherry	C17	STAG1	rep1	mCherry	2.3	1.771	0.009	0.010	2.387
VER8786_TACL_RH_ChIPseq_eHAP1_C17_T_mcherry_STAG2	TRUE	VER8786	C17_mCherry_STAG2_rep1	C17_Tmcherry	C17	STAG2	rep1	mCherry	1.3	0.998	0.005	0.005	2.429
VER8786_TACL_RH_ChIPseq_eHAP1_C17_T_mcherry_WAPL	TRUE	VER8786	C17_mCherry_WAPL_rep1	C17_Tmcherry	C17	WAPL	rep1	mCherry	1.9	1.645	0.008	0.009	2.476
VER9100_TACL_RH_ChIP_seq_eHap1_TMAU2_Dox1h_H3K27ac	TRUE	VER9100	C17_TACL-OFF_H3K27ac_rep1	C17_TMAU2	C17	H3K27ac	rep1	TACL-OFF	24.9	20.527	0.102	0.113	2.072
VER9100_TACL_RH_ChIP_seq_eHap1_TMAU2_H3K27ac	TRUE	VER9100	C17_TACL-ON_H3K27ac_rep1	C17_TMAU2	C17	H3K27ac	rep1	TACL-ON	12.7	10.631	0.052	0.058	2.025
VER9100_TACL_RH_ChIP_seq_eHap1_TMAU2_SMC1AID_A5_DMSO_input	TRUE	VER9100	C17_SMC1AID_A5_TACL-ON_Input_rep1	C17_SMC1AID_A5_TMAU2TIR1	C17_SMC1AID_A5	Input	rep1	TACL-ON	1.3	1.009	0.005	0.006	2.350
VER9100_TACL_RH_ChIP_seq_eHap1_TMAU2_SMC1AID_A5_DMSO_RAD21	TRUE	VER9100	C17_SMC1AID_A5_TACL-ON_RAD21_rep1	C17_SMC1AID_A5_TMAU2TIR1	C17_SMC1AID_A5	RAD21	rep1	TACL-ON	23.9	18.868	0.098	0.104	2.601
VER9100_TACL_RH_ChIP_seq_eHap1_TMAU2_SMC1AID_A5_IAA3h_input	TRUE	VER9100	C17_SMC1AID_A5_TACL-ON_IAA_Input_rep1	C17_SMC1AID_A5_TMAU2TIR1	C17_SMC1AID_A5	Input	rep1	TACL-ON_IAA	1.1	0.826	0.004	0.005	2.417
VER9100_TACL_RH_ChIP_seq_eHap1_TMAU2_SMC1AID_A5_IAA3h_RAD21	TRUE	VER9100	C17_SMC1AID_A5_TACL-ON_IAA_RAD21_rep1	C17_SMC1AID_A5_TMAU2TIR1	C17_SMC1AID_A5	RAD21	rep1	TACL-ON_IAA	12.8	9.947	0.052	0.055	2.394
VER9100_TACL_RH_ChIP_seq_eHap1_Tmcherry_H3K27ac	TRUE	VER9100	C17_mCherry_H3K27ac_rep1	C17_Tmcherry	C17	H3K27ac	rep1	mCherry	6.6	5.453	0.027	0.030	2.323
VER9100_TACL_RH_ChIP_seq_eHap1_Tmcherry_RAD21AID_D8_DMSO_MAU2	TRUE	VER9100	C17_RAD21AID_D8_mCherry_MAU2_rep1	C17_TIR1_Tmcherry_RAD21AID_D8	C17_RAD21AID_D8	MAU2	rep1	mCherry	0.5	0.393	0.002	0.002	2.273
VER9100_TACL_RH_ChIP_seq_eHap1_Tmcherry_RAD21AID_D8_IAA2h_MAU2	TRUE	VER9100	C17_RAD21AID_D8_mCherry_IAA_MAU2_rep1	C17_TIR1_Tmcherry_RAD21AID_D8	C17_RAD21AID_D8	MAU2	rep1	mCherry_IAA	0.7	0.494	0.003	0.003	2.282
VER9308_TACL_RH_ChIP_seq_eHAP1_C17_CTCFAID_C22_TMAU2TIR1_Dox3h_FLAG_rep1	TRUE	VER9308	C17_CTCFAID_C22_TACL-OFF_FLAG_rep1	C17_CTCFAID_C22_TMAU2TIR1	C17_CTCFAID_C22	FLAG	rep1	TACL-OFF	3.8	2.954	0.015	0.016	2.361
VER9308_TACL_RH_ChIP_seq_eHAP1_C17_CTCFAID_C22_TMAU2TIR1_Dox3h_FLAG_rep2	TRUE	VER9308	C17_CTCFAID_C22_TACL-OFF_FLAG_rep2	C17_CTCFAID_C22_TMAU2TIR1	C17_CTCFAID_C22	FLAG	rep2	TACL-OFF	4.0	3.039	0.016	0.017	2.338
VER9308_TACL_RH_ChIP_seq_eHAP1_C17_CTCFAID_C22_TMAU2TIR1_FLAG_rep1	TRUE	VER9308	C17_CTCFAID_C22_TACL-ON_FLAG_rep1	C17_CTCFAID_C22_TMAU2TIR1	C17_CTCFAID_C22	FLAG	rep1	TACL-ON	127.9	102.764	0.522	0.565	2.568
VER9308_TACL_RH_ChIP_seq_eHAP1_C17_CTCFAID_C22_TMAU2TIR1_FLAG_rep2	TRUE	VER9308	C17_CTCFAID_C22_TACL-ON_FLAG_rep2	C17_CTCFAID_C22_TMAU2TIR1	C17_CTCFAID_C22	FLAG	rep2	TACL-ON	150.6	120.142	0.615	0.660	2.604
VER9308_TACL_RH_ChIP_seq_eHAP1_C17_CTCFAID_C22_TMAU2TIR1_IAA3h_Dox3h_FLAG_rep1	TRUE	VER9308	C17_CTCFAID_C22_TACL-OFF_IAA_FLAG_rep1	C17_CTCFAID_C22_TMAU2TIR1	C17_CTCFAID_C22	FLAG	rep1	TACL-OFF_IAA	4.0	3.167	0.016	0.017	2.414
VER9308_TACL_RH_ChIP_seq_eHAP1_C17_CTCFAID_C22_TMAU2TIR1_IAA3h_Dox3h_FLAG_rep2	TRUE	VER9308	C17_CTCFAID_C22_TACL-OFF_IAA_FLAG_rep2	C17_CTCFAID_C22_TMAU2TIR1	C17_CTCFAID_C22	FLAG	rep2	TACL-OFF_IAA	3.9	3.092	0.016	0.017	2.385
VER9308_TACL_RH_ChIP_seq_eHAP1_C17_CTCFAID_C22_TMAU2TIR1_IAA3h_FLAG_rep1	TRUE	VER9308	C17_CTCFAID_C22_TACL-ON_IAA_FLAG_rep1	C17_CTCFAID_C22_TMAU2TIR1	C17_CTCFAID_C22	FLAG	rep1	TACL-ON_IAA	122.6	97.400	0.500	0.535	2.485
VER9308_TACL_RH_ChIP_seq_eHAP1_C17_CTCFAID_C22_TMAU2TIR1_IAA3h_FLAG_rep2	TRUE	VER9308	C17_CTCFAID_C22_TACL-ON_IAA_FLAG_rep2	C17_CTCFAID_C22_TMAU2TIR1	C17_CTCFAID_C22	FLAG	rep2	TACL-ON_IAA	95.6	76.142	0.390	0.418	2.375
VER9308_TACL_RH_ChIP_seq_eHAP1_C17_CTCFAID_C22_TMAU2TIR1_Input_rep1	TRUE	VER9308	C17_CTCFAID_C22_TACL-ON_Input_rep1	C17_CTCFAID_C22_TMAU2TIR1	C17_CTCFAID_C22	Input	rep1	TACL-ON	1.3	1.056	0.005	0.006	2.398
VER9308_TACL_RH_ChIP_seq_eHAP1_C17_PDS5AAID_B10_TMAU2TIR1_Dox3h_FLAG_rep1	TRUE	VER9308	C17_PDS5AAID_B10_TACL-OFF_FLAG_rep1	C17_PDS5AAID_B10_TMAU2TIR1	C17_PDS5AAID_B10	FLAG	rep1	TACL-OFF	4.3	3.457	0.018	0.019	2.327
VER9308_TACL_RH_ChIP_seq_eHAP1_C17_PDS5AAID_B10_TMAU2TIR1_Dox3h_FLAG_rep2	TRUE	VER9308	C17_PDS5AAID_B10_TACL-OFF_FLAG_rep2	C17_PDS5AAID_B10_TMAU2TIR1	C17_PDS5AAID_B10	FLAG	rep2	TACL-OFF	3.9	3.090	0.016	0.017	2.264
VER9308_TACL_RH_ChIP_seq_eHAP1_C17_PDS5AAID_B10_TMAU2TIR1_FLAG_rep1	TRUE	VER9308	C17_PDS5AAID_B10_TACL-ON_FLAG_rep1	C17_PDS5AAID_B10_TMAU2TIR1	C17_PDS5AAID_B10	FLAG	rep1	TACL-ON	110.6	86.949	0.451	0.478	2.490
VER9308_TACL_RH_ChIP_seq_eHAP1_C17_PDS5AAID_B10_TMAU2TIR1_FLAG_rep2	TRUE	VER9308	C17_PDS5AAID_B10_TACL-ON_FLAG_rep2	C17_PDS5AAID_B10_TMAU2TIR1	C17_PDS5AAID_B10	FLAG	rep2	TACL-ON	114.7	91.243	0.468	0.501	2.443
VER9308_TACL_RH_ChIP_seq_eHAP1_C17_PDS5AAID_B10_TMAU2TIR1_IAA3h_FLAG_rep1	TRUE	VER9308	C17_PDS5AAID_B10_TACL-ON_IAA_FLAG_rep1	C17_PDS5AAID_B10_TMAU2TIR1	C17_PDS5AAID_B10	FLAG	rep1	TACL-ON_IAA	58.4	45.614	0.238	0.251	2.350
VER9308_TACL_RH_ChIP_seq_eHAP1_C17_PDS5AAID_B10_TMAU2TIR1_IAA3h_FLAG_rep2	TRUE	VER9308	C17_PDS5AAID_B10_TACL-ON_IAA_FLAG_rep2	C17_PDS5AAID_B10_TMAU2TIR1	C17_PDS5AAID_B10	FLAG	rep2	TACL-ON_IAA	52.2	40.960	0.213	0.225	2.358
VER9308_TACL_RH_ChIP_seq_eHAP1_C17_PDS5AAID_B10_TMAU2TIR1_Input_rep1	TRUE	VER9308	C17_PDS5AAID_B10_TACL-ON_Input_rep1	C17_PDS5AAID_B10_TMAU2TIR1	C17_PDS5AAID_B10	Input	rep1	TACL-ON	1.1	0.831	0.004	0.005	2.335
VER9308_TACL_RH_ChIP_seq_eHAP1_C17_SMC3AID_A3_TMAU2TIR1_IAA3h_RAD21_rep1	TRUE	VER9308	C17_SMC3AID_A3_TACL-ON_IAA_RAD21_rep1	C17_SMC3AID_A3_TMAU2TIR1	C17_SMC3AID_A3	RAD21	rep1	TACL-ON_IAA	3.1	2.447	0.013	0.013	2.245
VER9308_TACL_RH_ChIP_seq_eHAP1_C17_SMC3AID_A3_TMAU2TIR1_Input_rep1	TRUE	VER9308	C17_SMC3AID_A3_TACL-ON_Input_rep1	C17_SMC3AID_A3_TMAU2TIR1	C17_SMC3AID_A3	Input	rep1	TACL-ON	1.2	0.877	0.005	0.005	2.300
VER9308_TACL_RH_ChIP_seq_eHAP1_C17_SMC3AID_A3_TMAU2TIR1_RAD21_rep1	TRUE	VER9308	C17_SMC3AID_A3_TACL-ON_RAD21_rep1	C17_SMC3AID_A3_TMAU2TIR1	C17_SMC3AID_A3	RAD21	rep1	TACL-ON	4.8	3.761	0.019	0.021	2.267
VER9308_TACL_RH_ChIP_seq_eHAP1_C17_STAG2AID_C2_TMAU2TIR1_Dox1h_FLAG_rep1	TRUE	VER9308	C17_STAG2AID_C2_TACL-OFF_FLAG_rep1	C17_STAG2AID_C2_TMAU2TIR1	C17_STAG2AID_C2	FLAG	rep1	TACL-OFF	5.4	4.270	0.022	0.023	2.294
VER9308_TACL_RH_ChIP_seq_eHAP1_C17_STAG2AID_C2_TMAU2TIR1_Dox1h_FLAG_rep2	TRUE	VER9308	C17_STAG2AID_C2_TACL-OFF_FLAG_rep2	C17_STAG2AID_C2_TMAU2TIR1	C17_STAG2AID_C2	FLAG	rep2	TACL-OFF	6.1	4.838	0.025	0.027	2.301
VER9308_TACL_RH_ChIP_seq_eHAP1_C17_STAG2AID_C2_TMAU2TIR1_FLAG_rep1	TRUE	VER9308	C17_STAG2AID_C2_TACL-ON_FLAG_rep1	C17_STAG2AID_C2_TMAU2TIR1	C17_STAG2AID_C2	FLAG	rep1	TACL-ON	67.6	54.140	0.276	0.297	2.353
VER9308_TACL_RH_ChIP_seq_eHAP1_C17_STAG2AID_C2_TMAU2TIR1_FLAG_rep2	TRUE	VER9308	C17_STAG2AID_C2_TACL-ON_FLAG_rep2	C17_STAG2AID_C2_TMAU2TIR1	C17_STAG2AID_C2	FLAG	rep2	TACL-ON	77.2	61.303	0.315	0.337	2.357
VER9308_TACL_RH_ChIP_seq_eHAP1_C17_STAG2AID_C2_TMAU2TIR1_IAA3h_FLAG_rep1	TRUE	VER9308	C17_STAG2AID_C2_TACL-ON_IAA_FLAG_rep1	C17_STAG2AID_C2_TMAU2TIR1	C17_STAG2AID_C2	FLAG	rep1	TACL-ON_IAA	129.5	103.845	0.529	0.570	2.209
VER9308_TACL_RH_ChIP_seq_eHAP1_C17_STAG2AID_C2_TMAU2TIR1_IAA3h_FLAG_rep2	TRUE	VER9308	C17_STAG2AID_C2_TACL-ON_IAA_FLAG_rep2	C17_STAG2AID_C2_TMAU2TIR1	C17_STAG2AID_C2	FLAG	rep2	TACL-ON_IAA	260.3	208.398	1.063	1.145	2.423
VER9308_TACL_RH_ChIP_seq_eHAP1_C17_STAG2AID_C2_TMAU2TIR1_Input_rep1	TRUE	VER9308	C17_STAG2AID_C2_TACL-ON_Input_rep1	C17_STAG2AID_C2_TMAU2TIR1	C17_STAG2AID_C2	Input	rep1	TACL-ON	1.0	0.837	0.004	0.005	2.336
VER9308_TACL_RH_ChIP_seq_eHAP1_C17_TMAU2_CTCF_rep1	TRUE	VER9308	C17_TACL-ON_CTCF_rep1	C17_TMAU2	C17	CTCF	rep1	TACL-ON	3.6	3.084	0.015	0.017	2.173
VER9308_TACL_RH_ChIP_seq_eHAP1_C17_TMAU2_Dox1h_H3k27ac_rep2	TRUE	VER9308	C17_TACL-OFF_H3K27ac_rep2	C17_TMAU2	C17	H3K27ac	rep2	TACL-OFF	24.7	20.661	0.101	0.114	1.955
VER9308_TACL_RH_ChIP_seq_eHAP1_C17_TMAU2_Dox1h_H3k27me3_rep1	TRUE	VER9308	C17_TACL-OFF_H3K27me3_rep1	C17_TMAU2	C17	H3K27me3	rep1	TACL-OFF	1.0	0.778	0.004	0.004	2.174
VER9308_TACL_RH_ChIP_seq_eHAP1_C17_TMAU2_Dox1h_H3k27me3_rep2	TRUE	VER9308	C17_TACL-OFF_H3K27me3_rep2	C17_TMAU2	C17	H3K27me3	rep2	TACL-OFF	1.0	0.769	0.004	0.004	2.136
VER9308_TACL_RH_ChIP_seq_eHAP1_C17_TMAU2_Dox1h_H3k4me3_rep1	TRUE	VER9308	C17_TACL-OFF_H3K4me3_rep1	C17_TMAU2	C17	H3K4me3	rep1	TACL-OFF	13.8	11.849	0.056	0.065	1.638
VER9308_TACL_RH_ChIP_seq_eHAP1_C17_TMAU2_Dox1h_H3k4me3_rep2	TRUE	VER9308	C17_TACL-OFF_H3K4me3_rep2	C17_TMAU2	C17	H3K4me3	rep2	TACL-OFF	17.7	14.898	0.072	0.082	1.634
VER9308_TACL_RH_ChIP_seq_eHAP1_C17_TMAU2_Dox1h_H3k9me3_rep1	TRUE	VER9308	C17_TACL-OFF_H3K9me3_rep1	C17_TMAU2	C17	H3K9me3	rep1	TACL-OFF	0.6	0.459	0.003	0.003	2.142
VER9308_TACL_RH_ChIP_seq_eHAP1_C17_TMAU2_Dox1h_H3k9me3_rep2	TRUE	VER9308	C17_TACL-OFF_H3K9me3_rep2	C17_TMAU2	C17	H3K9me3	rep2	TACL-OFF	0.8	0.558	0.003	0.003	2.172
VER9308_TACL_RH_ChIP_seq_eHAP1_C17_TMAU2_H3k27ac_rep2	TRUE	VER9308	C17_TACL-ON_H3K27ac_rep2	C17_TMAU2	C17	H3K27ac	rep2	TACL-ON	13.3	11.076	0.054	0.061	1.953
VER9308_TACL_RH_ChIP_seq_eHAP1_C17_TMAU2_H3k27me3_rep1	TRUE	VER9308	C17_TACL-ON_H3K27me3_rep1	C17_TMAU2	C17	H3K27me3	rep1	TACL-ON	0.6	0.475	0.002	0.003	2.184
VER9308_TACL_RH_ChIP_seq_eHAP1_C17_TMAU2_H3k27me3_rep2	TRUE	VER9308	C17_TACL-ON_H3K27me3_rep2	C17_TMAU2	C17	H3K27me3	rep2	TACL-ON	1.2	0.959	0.005	0.005	2.172
VER9308_TACL_RH_ChIP_seq_eHAP1_C17_TMAU2_H3k4me3_rep1	TRUE	VER9308	C17_TACL-ON_H3K4me3_rep1	C17_TMAU2	C17	H3K4me3	rep1	TACL-ON	5.3	4.565	0.021	0.025	1.607
VER9308_TACL_RH_ChIP_seq_eHAP1_C17_TMAU2_H3k4me3_rep2	TRUE	VER9308	C17_TACL-ON_H3K4me3_rep2	C17_TMAU2	C17	H3K4me3	rep2	TACL-ON	7.3	6.159	0.030	0.034	1.656
VER9308_TACL_RH_ChIP_seq_eHAP1_C17_TMAU2_H3k9me3_rep1	TRUE	VER9308	C17_TACL-ON_H3K9me3_rep1	C17_TMAU2	C17	H3K9me3	rep1	TACL-ON	0.5	0.336	0.002	0.002	2.138
VER9308_TACL_RH_ChIP_seq_eHAP1_C17_TMAU2_H3k9me3_rep2	TRUE	VER9308	C17_TACL-ON_H3K9me3_rep2	C17_TMAU2	C17	H3K9me3	rep2	TACL-ON	0.7	0.551	0.003	0.003	2.157
VER9308_TACL_RH_ChIP_seq_eHAP1_C17_TMAU2_PDS5A_rep1	TRUE	VER9308	C17_TACL-ON_PDS5A_rep1	C17_TMAU2	C17	PDS5A	rep1	TACL-ON	3.4	2.746	0.014	0.015	2.326
VER9308_TACL_RH_ChIP_seq_eHAP1_C17_Tmcherry_CTCF_rep1	TRUE	VER9308	C17_mCherry_CTCF_rep1	C17_Tmcherry	C17	CTCF	rep1	mCherry	2.8	2.264	0.011	0.012	2.098
VER9308_TACL_RH_ChIP_seq_eHAP1_C17_Tmcherry_H3k27ac_rep2	TRUE	VER9308	C17_mCherry_H3K27ac_rep2	C17_Tmcherry	C17	H3K27ac	rep2	mCherry	5.3	4.500	0.022	0.025	2.217
VER9308_TACL_RH_ChIP_seq_eHAP1_C17_Tmcherry_H3k27me3_rep1	TRUE	VER9308	C17_mCherry_H3K27me3_rep1	C17_Tmcherry	C17	H3K27me3	rep1	mCherry	0.7	0.582	0.003	0.003	2.071
VER9308_TACL_RH_ChIP_seq_eHAP1_C17_Tmcherry_H3k27me3_rep2	TRUE	VER9308	C17_mCherry_H3K27me3_rep2	C17_Tmcherry	C17	H3K27me3	rep2	mCherry	1.0	0.891	0.004	0.005	2.167
VER9308_TACL_RH_ChIP_seq_eHAP1_C17_Tmcherry_H3k4me3_rep1	TRUE	VER9308	C17_mCherry_H3K4me3_rep1	C17_Tmcherry	C17	H3K4me3	rep1	mCherry	3.2	2.775	0.013	0.015	1.649
VER9308_TACL_RH_ChIP_seq_eHAP1_C17_Tmcherry_H3k4me3_rep2	TRUE	VER9308	C17_mCherry_H3K4me3_rep2	C17_Tmcherry	C17	H3K4me3	rep2	mCherry	6.2	5.351	0.025	0.029	1.680
VER9308_TACL_RH_ChIP_seq_eHAP1_C17_Tmcherry_H3k9me3_rep1	TRUE	VER9308	C17_mCherry_H3K9me3_rep1	C17_Tmcherry	C17	H3K9me3	rep1	mCherry	0.5	0.368	0.002	0.002	2.159
VER9308_TACL_RH_ChIP_seq_eHAP1_C17_Tmcherry_H3k9me3_rep2	TRUE	VER9308	C17_mCherry_H3K9me3_rep2	C17_Tmcherry	C17	H3K9me3	rep2	mCherry	0.6	0.505	0.003	0.003	2.163
VER9308_TACL_RH_ChIP_seq_eHAP1_C17_Tmcherry_PDS5A_rep1	TRUE	VER9308	C17_mCherry_PDS5A_rep1	C17_Tmcherry	C17	PDS5A	rep1	mCherry	2.6	2.148	0.011	0.012	2.189
VER9308_TACL_RH_ChIP_seq_eHAP1_C17_WAPLAID_C8_TMAU2TIR1_Dox3h_FLAG_rep1	TRUE	VER9308	C17_WAPLAID_C8_TACL-OFF_FLAG_rep1	C17_WAPLAID_C8_TMAU2TIR1	C17_WAPLAID_C8	FLAG	rep1	TACL-OFF	1.5	1.190	0.006	0.007	2.297
VER9308_TACL_RH_ChIP_seq_eHAP1_C17_WAPLAID_C8_TMAU2TIR1_Dox3h_FLAG_rep2	TRUE	VER9308	C17_WAPLAID_C8_TACL-OFF_FLAG_rep2	C17_WAPLAID_C8_TMAU2TIR1	C17_WAPLAID_C8	FLAG	rep2	TACL-OFF	1.4	1.144	0.006	0.006	2.300
VER9308_TACL_RH_ChIP_seq_eHAP1_C17_WAPLAID_C8_TMAU2TIR1_Dox3h_WAPL_rep1	TRUE	VER9308	C17_WAPLAID_C8_TACL-OFF_WAPL_rep1	C17_WAPLAID_C8_TMAU2TIR1	C17_WAPLAID_C8	WAPL	rep1	TACL-OFF	1.2	0.967	0.005	0.005	2.310
VER9308_TACL_RH_ChIP_seq_eHAP1_C17_WAPLAID_C8_TMAU2TIR1_FLAG_rep1	TRUE	VER9308	C17_WAPLAID_C8_TACL-ON_FLAG_rep1	C17_WAPLAID_C8_TMAU2TIR1	C17_WAPLAID_C8	FLAG	rep1	TACL-ON	42.6	33.829	0.174	0.186	2.316
VER9308_TACL_RH_ChIP_seq_eHAP1_C17_WAPLAID_C8_TMAU2TIR1_FLAG_rep2	TRUE	VER9308	C17_WAPLAID_C8_TACL-ON_FLAG_rep2	C17_WAPLAID_C8_TMAU2TIR1	C17_WAPLAID_C8	FLAG	rep2	TACL-ON	46.3	36.891	0.189	0.203	2.364
VER9308_TACL_RH_ChIP_seq_eHAP1_C17_WAPLAID_C8_TMAU2TIR1_IAA3h_Dox3h_FLAG_rep1	TRUE	VER9308	C17_WAPLAID_C8_TACL-OFF_IAA_FLAG_rep1	C17_WAPLAID_C8_TMAU2TIR1	C17_WAPLAID_C8	FLAG	rep1	TACL-OFF_IAA	1.5	1.177	0.006	0.006	2.305
VER9308_TACL_RH_ChIP_seq_eHAP1_C17_WAPLAID_C8_TMAU2TIR1_IAA3h_Dox3h_FLAG_rep2	TRUE	VER9308	C17_WAPLAID_C8_TACL-OFF_IAA_FLAG_rep2	C17_WAPLAID_C8_TMAU2TIR1	C17_WAPLAID_C8	FLAG	rep2	TACL-OFF_IAA	1.3	1.005	0.005	0.006	2.313
VER9308_TACL_RH_ChIP_seq_eHAP1_C17_WAPLAID_C8_TMAU2TIR1_IAA3h_FLAG_rep1	TRUE	VER9308	C17_WAPLAID_C8_TACL-ON_IAA_FLAG_rep1	C17_WAPLAID_C8_TMAU2TIR1	C17_WAPLAID_C8	FLAG	rep1	TACL-ON_IAA	28.0	22.081	0.114	0.121	2.325
VER9308_TACL_RH_ChIP_seq_eHAP1_C17_WAPLAID_C8_TMAU2TIR1_IAA3h_FLAG_rep2	TRUE	VER9308	C17_WAPLAID_C8_TACL-ON_IAA_FLAG_rep2	C17_WAPLAID_C8_TMAU2TIR1	C17_WAPLAID_C8	FLAG	rep2	TACL-ON_IAA	30.2	23.914	0.123	0.131	2.322
VER9308_TACL_RH_ChIP_seq_eHAP1_C17_WAPLAID_C8_TMAU2TIR1_Input_rep1	TRUE	VER9308	C17_WAPLAID_C8_TACL-ON_Input_rep1	C17_WAPLAID_C8_TMAU2TIR1	C17_WAPLAID_C8	Input	rep1	TACL-ON	1.1	0.870	0.005	0.005	2.335
VER9308_TACL_RH_ChIP_seq_eHAP1_C17_WAPLAID_C8_TMAU2TIR1_WAPL_rep1	TRUE	VER9308	C17_WAPLAID_C8_TACL-ON_WAPL_rep1	C17_WAPLAID_C8_TMAU2TIR1	C17_WAPLAID_C8	WAPL	rep1	TACL-ON	1.4	1.099	0.006	0.006	2.318
VER9574_TACL_RH_ChIP_eHAP1_C17_PDS5AAID_B10_TMAU2TIR1_Dox3h_NIPBL_rep1	TRUE	VER9574	C17_PDS5AAID_B10_TACL-OFF_NIPBL_rep1	C17_PDS5AAID_B10_TMAU2TIR1	C17_PDS5AAID_B10	NIPBL	rep1	TACL-OFF	0.5	0.872	0.002	0.005	2.421
VER9574_TACL_RH_ChIP_eHAP1_C17_PDS5AAID_B10_TMAU2TIR1_IAA3h_NIPBL_rep1	TRUE	VER9574	C17_PDS5AAID_B10_TACL-ON_IAA_NIPBL_rep1	C17_PDS5AAID_B10_TMAU2TIR1	C17_PDS5AAID_B10	NIPBL	rep1	TACL-ON_IAA	14.6	22.483	0.059	0.124	2.779
VER9574_TACL_RH_ChIP_eHAP1_C17_PDS5AAID_B10_TMAU2TIR1_NIPBL_rep1	TRUE	VER9574	C17_PDS5AAID_B10_TACL-ON_NIPBL_rep1	C17_PDS5AAID_B10_TMAU2TIR1	C17_PDS5AAID_B10	NIPBL	rep1	TACL-ON	25.6	39.312	0.105	0.216	3.106
VER9574_TACL_RH_ChIP_eHAP1_C17_STAG2AID_C2_TMAU2TIR1_Dox1h_STAG1_rep1	TRUE	VER9574	C17_STAG2AID_C2_TACL-OFF_STAG1_rep1	C17_STAG2AID_C2_TMAU2TIR1	C17_STAG2AID_C2	STAG1	rep1	TACL-OFF	1.1	1.490	0.005	0.008	2.395
VER9574_TACL_RH_ChIP_eHAP1_C17_STAG2AID_C2_TMAU2TIR1_IAA3h_STAG1_rep1	TRUE	VER9574	C17_STAG2AID_C2_TACL-ON_IAA_STAG1_rep1	C17_STAG2AID_C2_TMAU2TIR1	C17_STAG2AID_C2	STAG1	rep1	TACL-ON_IAA	14.0	22.159	0.057	0.122	2.705
VER9574_TACL_RH_ChIP_eHAP1_C17_STAG2AID_C2_TMAU2TIR1_STAG1_rep1	TRUE	VER9574	C17_STAG2AID_C2_TACL-ON_STAG1_rep1	C17_STAG2AID_C2_TMAU2TIR1	C17_STAG2AID_C2	STAG1	rep1	TACL-ON	11.7	17.814	0.048	0.098	2.713
VER9574_TACL_RH_ChIP_eHAP1_C17_TMAU2_TIR1_RAD21AID_SC1_IAA2h_PDS5A_rep1	TRUE	VER9574	C17_RAD21AID_SC1_TACL-ON_IAA_PDS5A_rep1	C17_TIR1_TMAU2_RAD21AID_SC1	C17_RAD21AID_SC1	PDS5A	rep1	TACL-ON_IAA	0.4	0.610	0.002	0.003	2.367
VER9574_TACL_RH_ChIP_eHAP1_C17_TMAU2_TIR1_RAD21AID_SC1_PDS5A_rep1	TRUE	VER9574	C17_RAD21AID_SC1_TACL-ON_PDS5A_rep1	C17_TIR1_TMAU2_RAD21AID_SC1	C17_RAD21AID_SC1	PDS5A	rep1	TACL-ON	0.5	0.642	0.002	0.004	2.364
VER9574_TACL_RH_ChIP_eHAP1_C17_Tmcherry_TIR1_RAD21AID_D8_IAA2h_PDS5A_rep1	TRUE	VER9574	C17_RAD21AID_D8_mCherry_IAA_PDS5A_rep1	C17_TIR1_Tmcherry_RAD21AID_D8	C17_RAD21AID_D8	PDS5A	rep1	mCherry_IAA	0.9	1.534	0.004	0.008	2.345
VER9574_TACL_RH_ChIP_eHAP1_C17_Tmcherry_TIR1_RAD21AID_D8_PDS5A_rep1	TRUE	VER9574	C17_RAD21AID_D8_mCherry_PDS5A_rep1	C17_TIR1_Tmcherry_RAD21AID_D8	C17_RAD21AID_D8	PDS5A	rep1	mCherry	1.2	1.943	0.005	0.011	2.396
VER9842_TACL_MR_ChIP_eHAP1_C17_CTCFAID_C22_TMAU2TIR1_IAA3h_NIPBL_rep1	FALSE	VER9842	C17_CTCFAID_C22_TACL-ON_IAA_NIPBL_rep1	C17_CTCFAID_C22_TMAU2TIR1	C17_CTCFAID_C22	NIPBL	rep1	TACL-ON_IAA	1.9	3.507	0.008	0.019	2.421
VER9842_TACL_MR_ChIP_eHAP1_C17_CTCFAID_C22_TMAU2TIR1_NIPBL_rep1	FALSE	VER9842	C17_CTCFAID_C22_TACL-ON_NIPBL_rep1	C17_CTCFAID_C22_TMAU2TIR1	C17_CTCFAID_C22	NIPBL	rep1	TACL-ON	2.7	4.989	0.011	0.027	2.490
VER9842_TACL_MR_ChIP_eHAP1_C17_SMC1AID_A5_TMAU2_IAA3h_NIPBL_rep1	FALSE	VER9842	C17_SMC1AID_A5_TACL-ON_IAA_NIPBL_rep1	C17_SMC1AID_A5_TMAU2TIR1	C17_SMC1AID_A5	NIPBL	rep1	TACL-ON_IAA	12.7	23.574	0.052	0.130	2.448
VER9842_TACL_MR_ChIP_eHAP1_C17_SMC1AID_A5_TMAU2_NIPBL_rep1	FALSE	VER9842	C17_SMC1AID_A5_TACL-ON_NIPBL_rep1	C17_SMC1AID_A5_TMAU2TIR1	C17_SMC1AID_A5	NIPBL	rep1	TACL-ON	3.2	5.828	0.013	0.032	2.518
VER9842_TACL_MR_ChIP_eHAP1_C17_WAPLAID_C8_TMAU2TIR1_IAA3h_NIPBL_rep1	FALSE	VER9842	C17_WAPLAID_C8_TACL-ON_IAA_NIPBL_rep1	C17_WAPLAID_C8_TMAU2TIR1	C17_WAPLAID_C8	NIPBL	rep1	TACL-ON_IAA	1.2	2.197	0.005	0.012	2.363
VER9842_TACL_MR_ChIP_eHAP1_C17_WAPLAID_C8_TMAU2TIR1_NIPBL_rep1	FALSE	VER9842	C17_WAPLAID_C8_TACL-ON_NIPBL_rep1	C17_WAPLAID_C8_TMAU2TIR1	C17_WAPLAID_C8	NIPBL	rep1	TACL-ON	1.5	2.827	0.006	0.016	2.401
